,Number of People Migrated from New York,Population with Different State of Residence 1 Year Ago,Median Age Living in State (Years),Population 65+ Years Old (%),25+ Years Old Population with Bachelor's Degree or Higher (%),No Healthcare Coverage (%),Households with One or More People Under 18 Years (%),Civilian Employment Rate (%)
Number of People Migrated from New York,1.0,0.62850987460004,0.25091972621093045,0.11845690117614611,0.21844749912799405,0.07488311751053803,0.0277595385275702,-0.03664609620458344
Population with Different State of Residence 1 Year Ago,0.62850987460004,1.0,-0.020702254878960956,-0.13777555744736278,0.05820221573215475,0.3951108305655603,0.22229251440058911,-0.12014025849029138
Median Age Living in State (Years),0.25091972621093045,-0.020702254878960956,1.0,0.9158230860951473,-0.09151117678706167,-0.37346400512415556,-0.5393450758012026,-0.3517512722207425
Population 65+ Years Old (%),0.11845690117614611,-0.13777555744736278,0.9158230860951473,1.0,-0.258750412109471,-0.32015800696362795,-0.5270071911513394,-0.37078442191732097
25+ Years Old Population with Bachelor's Degree or Higher (%),0.21844749912799405,0.05820221573215475,-0.09151117678706167,-0.258750412109471,1.0,-0.463237739550843,-0.35401060520216104,0.5433317851715286
No Healthcare Coverage (%),0.07488311751053803,0.3951108305655603,-0.37346400512415556,-0.32015800696362795,-0.463237739550843,1.0,0.49179000978055376,-0.226084821034502
Households with One or More People Under 18 Years (%),0.0277595385275702,0.22229251440058911,-0.5393450758012026,-0.5270071911513394,-0.35401060520216104,0.49179000978055376,1.0,0.0027807908649622763
Civilian Employment Rate (%),-0.03664609620458344,-0.12014025849029138,-0.3517512722207425,-0.37078442191732097,0.5433317851715286,-0.226084821034502,0.0027807908649622763,1.0
