Dimension 1,Dimension 2
0.5585110919618833,0.12587886165221976
0.4792062248234693,-0.013839342126928124
-0.03780318166000867,-0.47810409108794977
-0.13193156752626972,-0.40231421066176415
-0.38595476141865487,0.40498937793694245
-0.14693610074299507,0.12886842009631957
-0.3648311972557773,-0.29405042827608213
0.029739491818353045,0.5285714124672425
